target,feature,importance
cybage_khushboo,domicile_Gujarat,0.273897
cybage_khushboo,domicile_Telangana,0.249027
cybage_khushboo,domicile_Maharashtra,0.176337
cybage_khushboo,family_income,0.155285
cybage_khushboo,percentage,0.049634
cybage_khushboo,is_pwd,0.020255
cybage_khushboo,disability_percentage,0.012775
cybage_khushboo,category_OBC,0.011038
cybage_khushboo,academic_score,0.007899
cybage_khushboo,age,0.007139
skf,stem_branch,0.307401
skf,percentage,0.218752
skf,family_income,0.151979
skf,domicile_Kerala,0.087491
skf,disability_percentage,0.074086
skf,age,0.067296
skf,category_OBC,0.025844
skf,financial_hardship_score,0.010677
skf,need_merit_interaction,0.009304
skf,cgpa,0.006594
lila_poonawala,year,0.193813
lila_poonawala,domicile_Maharashtra,0.184298
lila_poonawala,gender_Female,0.175605
lila_poonawala,family_income,0.164253
lila_poonawala,stem_branch,0.107697
lila_poonawala,percentage,0.040969
lila_poonawala,need_merit_interaction,0.037824
lila_poonawala,branch_Instrumentation,0.027455
lila_poonawala,financial_hardship_score,0.014252
lila_poonawala,hostel_status_No,0.01271
katalyst,stem_branch,0.207435
katalyst,gender_Female,0.206242
katalyst,year,0.160798
katalyst,percentage,0.158544
katalyst,need_merit_interaction,0.114591
katalyst,family_income,0.081616
katalyst,branch_AI_DS,0.017593
katalyst,cgpa,0.017585
katalyst,merit_percentile,0.013281
katalyst,age,0.009305
colgate_keep_india_smiling,need_merit_interaction,0.245638
colgate_keep_india_smiling,financial_need,0.175488
colgate_keep_india_smiling,family_income,0.127171
colgate_keep_india_smiling,percentage,0.094079
colgate_keep_india_smiling,disability_percentage,0.063989
colgate_keep_india_smiling,domicile_Kerala,0.050404
colgate_keep_india_smiling,category_OBC,0.040187
colgate_keep_india_smiling,bpl_status_No,0.025008
colgate_keep_india_smiling,academic_score,0.021286
colgate_keep_india_smiling,financial_hardship_score,0.011168
kiran_girls,gender_Female,0.146149
kiran_girls,cs_it_branch,0.130028
kiran_girls,year,0.128478
kiran_girls,need_merit_interaction,0.124906
kiran_girls,financial_hardship_score,0.11744
kiran_girls,percentage,0.10398
kiran_girls,branch_ECE,0.079807
kiran_girls,stem_branch,0.041372
kiran_girls,family_income,0.021696
kiran_girls,merit_percentile,0.018015
queens_scholarship,cgpa,0.26302
queens_scholarship,stem_branch,0.24425
queens_scholarship,year,0.183413
queens_scholarship,disability_percentage,0.082357
queens_scholarship,percentage,0.04901
queens_scholarship,category_OBC,0.02975
queens_scholarship,need_and_merit,0.023942
queens_scholarship,merit_percentile,0.022167
queens_scholarship,bpl_status_No,0.012046
queens_scholarship,academic_score,0.010387
reliance_foundation,year,0.723654
reliance_foundation,percentage,0.04703
reliance_foundation,disability_percentage,0.046338
reliance_foundation,domicile_Punjab,0.039505
reliance_foundation,financial_need,0.022764
reliance_foundation,gender_Female,0.017425
reliance_foundation,family_income,0.014164
reliance_foundation,merit_percentile,0.011163
reliance_foundation,cgpa,0.007969
reliance_foundation,category_OBC,0.007931
cummins,stem_branch,0.306077
cummins,family_income,0.129671
cummins,cgpa,0.100513
cummins,disability_percentage,0.093868
cummins,percentage,0.04967
cummins,domicile_Punjab,0.036137
cummins,academic_score,0.03496
cummins,domicile_Kerala,0.030372
cummins,financial_need,0.028019
cummins,category_OBC,0.019683
foundation_for_excellence,year,0.301785
foundation_for_excellence,stem_branch,0.224847
foundation_for_excellence,percentage,0.179253
foundation_for_excellence,family_income,0.126968
foundation_for_excellence,disability_percentage,0.030906
foundation_for_excellence,branch_ECE,0.019159
foundation_for_excellence,need_merit_interaction,0.018256
foundation_for_excellence,cgpa,0.017058
foundation_for_excellence,age,0.010126
foundation_for_excellence,merit_percentile,0.008958
ieee_wie,cgpa,0.217645
ieee_wie,gender_Female,0.187392
ieee_wie,stem_branch,0.126835
ieee_wie,year,0.102274
ieee_wie,disability_percentage,0.101348
ieee_wie,financial_hardship_score,0.058916
ieee_wie,percentage,0.047824
ieee_wie,family_income,0.042793
ieee_wie,financial_need,0.021785
ieee_wie,is_pwd,0.017513
siemens,year,0.207532
siemens,age,0.202611
siemens,stem_branch,0.154932
siemens,family_income,0.113943
siemens,disability_percentage,0.060366
siemens,percentage,0.043537
siemens,branch_ECE,0.04243
siemens,cgpa,0.03524
siemens,is_pwd,0.023891
siemens,financial_hardship_score,0.017251
sitaram_jindal,family_income,0.321219
sitaram_jindal,academic_score,0.211291
sitaram_jindal,percentage,0.121762
sitaram_jindal,domicile_Kerala,0.061423
sitaram_jindal,disability_percentage,0.056815
sitaram_jindal,cgpa,0.048973
sitaram_jindal,category_OBC,0.044382
sitaram_jindal,financial_hardship_score,0.038048
sitaram_jindal,need_merit_interaction,0.024393
sitaram_jindal,merit_percentile,0.008518
hdfc_ecss,family_income,0.467651
hdfc_ecss,disability_percentage,0.128653
hdfc_ecss,domicile_Kerala,0.114455
hdfc_ecss,percentage,0.110011
hdfc_ecss,category_OBC,0.092553
hdfc_ecss,financial_hardship_score,0.061437
hdfc_ecss,need_merit_interaction,0.010543
hdfc_ecss,academic_score,0.005896
hdfc_ecss,category_SC,0.002776
hdfc_ecss,age,0.002742
swami_dayanand,year,0.27345
swami_dayanand,need_and_merit,0.235022
swami_dayanand,family_income,0.138473
swami_dayanand,stem_branch,0.12266
swami_dayanand,percentage,0.093866
swami_dayanand,need_merit_interaction,0.030336
swami_dayanand,academic_score,0.028395
swami_dayanand,financial_hardship_score,0.017644
swami_dayanand,merit_percentile,0.014482
swami_dayanand,disability_percentage,0.012298
yashad_sumedha,need_merit_interaction,0.445267
yashad_sumedha,stem_branch,0.134031
yashad_sumedha,percentage,0.076869
yashad_sumedha,bpl_status_No,0.072594
yashad_sumedha,disability_percentage,0.054816
yashad_sumedha,family_income,0.051593
yashad_sumedha,domicile_Maharashtra,0.036629
yashad_sumedha,need_and_merit,0.030397
yashad_sumedha,domicile_Rajasthan,0.027718
yashad_sumedha,academic_score,0.013025
nice_nse,cgpa,0.375886
nice_nse,disability_percentage,0.10179
nice_nse,financial_need,0.089276
nice_nse,percentage,0.064532
nice_nse,need_and_merit,0.052155
nice_nse,academic_score,0.033761
nice_nse,stem_branch,0.030663
nice_nse,category_OBC,0.022289
nice_nse,family_income,0.020524
nice_nse,bpl_status_No,0.016023
opjems,cgpa,0.102769
opjems,branch_Civil,0.101002
opjems,cs_it_branch,0.088192
opjems,branch_Production,0.082211
opjems,year,0.080626
opjems,branch_Mechanical,0.07821
opjems,stem_branch,0.076456
opjems,branch_Electrical,0.071772
opjems,branch_Chemical,0.067403
opjems,branch_Biotechnology,0.045691
magma_scholarship,need_and_merit,0.492565
magma_scholarship,year,0.227194
magma_scholarship,family_income,0.113579
magma_scholarship,percentage,0.06318
magma_scholarship,is_pwd,0.022523
magma_scholarship,disability_percentage,0.020655
magma_scholarship,financial_hardship_score,0.015663
magma_scholarship,need_merit_interaction,0.009486
magma_scholarship,academic_score,0.008371
magma_scholarship,merit_percentile,0.006932
jspn,family_income,0.386846
jspn,cgpa,0.204568
jspn,domicile_Bihar,0.083545
jspn,domicile_Kerala,0.08028
jspn,disability_percentage,0.078175
jspn,percentage,0.036064
jspn,category_OBC,0.033499
jspn,academic_score,0.024237
jspn,financial_hardship_score,0.020985
jspn,merit_percentile,0.013073
padala_charitable_trust,merit_percentile,0.424922
padala_charitable_trust,family_income,0.209865
padala_charitable_trust,cgpa,0.134223
padala_charitable_trust,disability_percentage,0.063893
padala_charitable_trust,category_OBC,0.051905
padala_charitable_trust,percentage,0.043796
padala_charitable_trust,domicile_Kerala,0.037918
padala_charitable_trust,financial_hardship_score,0.015617
padala_charitable_trust,academic_score,0.012634
padala_charitable_trust,need_merit_interaction,0.004374
rajarshi_shahu,domicile_Maharashtra,0.466362
rajarshi_shahu,category_ST,0.153214
rajarshi_shahu,category_SC,0.118709
rajarshi_shahu,family_income,0.056994
rajarshi_shahu,disability_percentage,0.047047
rajarshi_shahu,financial_need,0.043535
rajarshi_shahu,need_merit_interaction,0.022251
rajarshi_shahu,branch_Pharmacy,0.014799
rajarshi_shahu,category_EWS,0.014575
rajarshi_shahu,academic_score,0.011884
adobe_wit,cs_it_branch,0.150679
adobe_wit,gender_Male,0.119636
adobe_wit,gender_Female,0.117834
adobe_wit,branch_ECE,0.074173
adobe_wit,stem_branch,0.065737
adobe_wit,cgpa,0.059355
adobe_wit,academic_score,0.056276
adobe_wit,merit_percentile,0.046912
adobe_wit,year,0.04014
adobe_wit,percentage,0.039479
glow_lovely,gender_Female,0.554351
glow_lovely,family_income,0.15112
glow_lovely,percentage,0.08378
glow_lovely,financial_need,0.03497
glow_lovely,domicile_Kerala,0.020599
glow_lovely,domicile_Haryana,0.020448
glow_lovely,domicile_Bihar,0.020415
glow_lovely,disability_percentage,0.016964
glow_lovely,financial_hardship_score,0.009992
glow_lovely,academic_score,0.00828
loreal_women_science,percentage,0.149579
loreal_women_science,academic_score,0.121792
loreal_women_science,year,0.104428
loreal_women_science,cgpa,0.098637
loreal_women_science,is_first_year,0.090532
loreal_women_science,college_progress,0.086054
loreal_women_science,merit_percentile,0.083522
loreal_women_science,high_academic_performer,0.060278
loreal_women_science,gender_Male,0.044261
loreal_women_science,gender_Female,0.029809
ugam_legrand,gender_Female,0.20396
ugam_legrand,stem_branch,0.191057
ugam_legrand,year,0.16063
ugam_legrand,percentage,0.112793
ugam_legrand,family_income,0.099825
ugam_legrand,need_merit_interaction,0.099603
ugam_legrand,disability_percentage,0.032217
ugam_legrand,merit_percentile,0.017335
ugam_legrand,financial_hardship_score,0.015573
ugam_legrand,cgpa,0.014101
indous_stemm,gender_Female,0.208777
indous_stemm,year,0.162962
indous_stemm,stem_branch,0.155177
indous_stemm,cgpa,0.135244
indous_stemm,age,0.102469
indous_stemm,disability_percentage,0.056542
indous_stemm,percentage,0.044897
indous_stemm,need_and_merit,0.037729
indous_stemm,domicile_Tamil Nadu,0.028728
indous_stemm,family_income,0.021376
aicte_pragati,gender_Female,0.280974
aicte_pragati,year,0.206471
aicte_pragati,stem_branch,0.165429
aicte_pragati,family_income,0.079157
aicte_pragati,percentage,0.064936
aicte_pragati,cgpa,0.028798
aicte_pragati,category_OBC,0.025827
aicte_pragati,is_pwd,0.022979
aicte_pragati,disability_percentage,0.019287
aicte_pragati,need_merit_interaction,0.01632
aicte_saksham,disability_percentage,0.275535
aicte_saksham,financial_need,0.199
aicte_saksham,stem_branch,0.087461
aicte_saksham,financial_hardship_score,0.05908
aicte_saksham,category_General,0.047646
aicte_saksham,gender_Female,0.044029
aicte_saksham,category_OBC,0.04064
aicte_saksham,category_EWS,0.033588
aicte_saksham,family_income,0.033238
aicte_saksham,percentage,0.031819
rmd_foundation,family_income,0.314974
rmd_foundation,percentage,0.25134
rmd_foundation,cgpa,0.09812
rmd_foundation,domicile_Kerala,0.0674
rmd_foundation,academic_score,0.048914
rmd_foundation,disability_percentage,0.035955
rmd_foundation,merit_percentile,0.032377
rmd_foundation,category_OBC,0.026117
rmd_foundation,financial_hardship_score,0.011427
rmd_foundation,year,0.008569
disha_parivar,gender_Female,0.371488
disha_parivar,academic_score,0.222721
disha_parivar,family_income,0.178452
disha_parivar,percentage,0.050895
disha_parivar,cgpa,0.048628
disha_parivar,domicile_Kerala,0.043205
disha_parivar,disability_percentage,0.018524
disha_parivar,merit_percentile,0.011914
disha_parivar,category_OBC,0.006665
disha_parivar,branch_Pharmacy,0.00646
iocl_merit,year,0.695023
iocl_merit,percentage,0.087892
iocl_merit,family_income,0.070102
iocl_merit,financial_need,0.034849
iocl_merit,disability_percentage,0.017625
iocl_merit,financial_hardship_score,0.010968
iocl_merit,need_merit_interaction,0.010959
iocl_merit,category_OBC,0.009223
iocl_merit,stem_branch,0.007694
iocl_merit,branch_ECE,0.006206
