target,model,f1,auc,threshold,thr_f1
cybage_khushboo,LR_C0.1_bal,0.6998694884161071,0.9703035782980782,0.7,0.7827827827827828
cybage_khushboo,LR_C1_bal,0.6981699480075472,0.9682920256966728,0.7,0.7608906098741529
cybage_khushboo,LR_C10,0.8362323525461539,0.9742852231253284,0.4,0.8429203539823009
cybage_khushboo,RF_100_d8_bal,0.9068552415783231,0.9779012941327447,0.65,0.9400705052878966
cybage_khushboo,RF_200_bal,0.9264111317851713,0.9793229769620323,0.65,0.9433962264150944
cybage_khushboo,RF_100,0.9055066192217431,0.9786304969719513,0.35,0.9393939393939394
cybage_khushboo,XGB_100_d3,0.9509538412686782,0.9783290117209138,0.7,0.9571428571428572
cybage_khushboo,XGB_100_d5,0.9551762774075148,0.9814192360119993,0.7,0.9616306954436451
cybage_khushboo,XGB_200_d5,0.9552023082001238,0.9810880958295842,0.7,0.9603841536614646
skf,LR_C0.1_bal,0.7308225483999089,0.9495749473710781,0.7,0.7786069651741293
skf,LR_C1_bal,0.7390962282551578,0.9511507712515798,0.7,0.7908698334361505
skf,LR_C10,0.7289038776811253,0.9517023139403354,0.35,0.7845503922751962
skf,RF_100_d8_bal,0.9033597508291263,0.9796053183483713,0.65,0.9194187582562747
skf,RF_200_bal,0.9239373584352244,0.9802140618144538,0.55,0.9258043335521996
skf,RF_100,0.9159308356073834,0.9777325032807237,0.5,0.9157754010695187
skf,XGB_100_d3,0.9640247939830567,0.9824660748537068,0.65,0.9677852348993289
skf,XGB_100_d5,0.9665431889458891,0.9818243694860888,0.55,0.9676985195154778
skf,XGB_200_d5,0.9671727643408872,0.9817906404532113,0.5,0.9670920080591001
lila_poonawala,LR_C0.1_bal,0.2311870658077555,0.9642945407176479,0.7,0.30927835051546393
lila_poonawala,LR_C1_bal,0.3682642503695135,0.9648257925802687,0.7,0.4057971014492754
lila_poonawala,LR_C10,0.48,0.9653190793707559,0.45,0.5517241379310345
lila_poonawala,RF_100_d8_bal,0.7244444444444444,0.9694763411518059,0.4,0.7567567567567568
lila_poonawala,RF_200_bal,0.7133333333333333,0.9706437671199153,0.35,0.7777777777777778
lila_poonawala,RF_100,0.0,0.9627661874170188,0.3,0.4
lila_poonawala,XGB_100_d3,0.6642857142857144,0.9653380619068228,0.3,0.8333333333333334
lila_poonawala,XGB_100_d5,0.6325396825396825,0.9802583352553421,0.3,0.8333333333333334
lila_poonawala,XGB_200_d5,0.6047619047619047,0.9836751917473695,0.3,0.8333333333333334
katalyst,LR_C0.1_bal,0.5491944632745609,0.9769288644771047,0.7,0.7013888888888888
katalyst,LR_C1_bal,0.5800159249737759,0.9746439241389465,0.7,0.6987951807228916
katalyst,LR_C10,0.7739264349020447,0.9792015848337409,0.3,0.8049792531120332
katalyst,RF_100_d8_bal,0.9331613530620586,0.9795598759488975,0.45,0.9372197309417041
katalyst,RF_200_bal,0.9340519063935263,0.9803414095227347,0.4,0.9393258426966292
katalyst,RF_100,0.8997465903787315,0.9813003043777782,0.35,0.929384965831435
katalyst,XGB_100_d3,0.9533931585655724,0.9814215305276299,0.7,0.9563218390804598
katalyst,XGB_100_d5,0.9568912683596915,0.9857360672349437,0.4,0.958904109589041
katalyst,XGB_200_d5,0.9568912683596915,0.9861230957617693,0.4,0.958904109589041
colgate_keep_india_smiling,LR_C0.1_bal,0.8806583394832936,0.9342926738170861,0.5,0.8805736051982971
colgate_keep_india_smiling,LR_C1_bal,0.8871417538423593,0.9393257687363377,0.45,0.8891820580474934
colgate_keep_india_smiling,LR_C10,0.8916687320831007,0.9410322637904741,0.45,0.891640866873065
colgate_keep_india_smiling,RF_100_d8_bal,0.9351489551614364,0.9661883107608062,0.55,0.9369369369369369
colgate_keep_india_smiling,RF_200_bal,0.9384998409925686,0.9671365001897545,0.45,0.9386571492304261
colgate_keep_india_smiling,RF_100,0.9351355190299049,0.9653514338820417,0.55,0.9357674104124408
colgate_keep_india_smiling,XGB_100_d3,0.9516768183440835,0.9691021440164045,0.65,0.9527522935779816
colgate_keep_india_smiling,XGB_100_d5,0.9547928159968041,0.9697997906461495,0.4,0.9561482820976492
colgate_keep_india_smiling,XGB_200_d5,0.9543913454088548,0.9700430448897368,0.4,0.9550282485875706
kiran_girls,LR_C0.1_bal,0.48312293248241234,0.980155766592852,0.7,0.5810055865921788
kiran_girls,LR_C1_bal,0.5310166416197766,0.98000382483224,0.7,0.5932203389830508
kiran_girls,LR_C10,0.7281675503711558,0.985583234708861,0.4,0.7692307692307693
kiran_girls,RF_100_d8_bal,0.750810634334019,0.9869264260846992,0.6,0.8810572687224669
kiran_girls,RF_200_bal,0.8941104152536289,0.9888406758667931,0.5,0.8956521739130435
kiran_girls,RF_100,0.7028295965138069,0.9899929068249156,0.3,0.8240740740740741
kiran_girls,XGB_100_d3,0.9029282506111775,0.9909202708400461,0.3,0.9276595744680851
kiran_girls,XGB_100_d5,0.9063861097568149,0.9913183514982876,0.3,0.9230769230769231
kiran_girls,XGB_200_d5,0.9112345946052998,0.9910956456218895,0.3,0.9230769230769231
queens_scholarship,LR_C0.1_bal,0.7804995327825998,0.9560735222801096,0.65,0.8188259109311741
queens_scholarship,LR_C1_bal,0.7881632095584484,0.9602504424085255,0.65,0.8276553106212425
queens_scholarship,LR_C10,0.8155974172824919,0.9625220630451412,0.35,0.834319526627219
queens_scholarship,RF_100_d8_bal,0.9126078947420517,0.9787077637982768,0.7,0.9323467230443975
queens_scholarship,RF_200_bal,0.9252067120094424,0.9793978210908776,0.65,0.9339672477548864
queens_scholarship,RF_100,0.9276341782406329,0.977328608297705,0.5,0.9276281035393555
queens_scholarship,XGB_100_d3,0.9467151002506267,0.9785391042575815,0.6,0.9483767961681746
queens_scholarship,XGB_100_d5,0.9511898588687278,0.9798847737691501,0.55,0.9525839104954715
queens_scholarship,XGB_200_d5,0.9510526068742777,0.9808872467319805,0.55,0.9525333333333333
reliance_foundation,LR_C0.1_bal,0.845158239367269,0.9708486141927102,0.7,0.8608554412560909
reliance_foundation,LR_C1_bal,0.8530112765056407,0.9712184587916747,0.7,0.8664101154480484
reliance_foundation,LR_C10,0.8835642948585491,0.9720417196879673,0.45,0.8843069873997709
reliance_foundation,RF_100_d8_bal,0.9304980739003404,0.9781576019062028,0.5,0.9303135888501742
reliance_foundation,RF_200_bal,0.9351671255012268,0.9794876753063966,0.5,0.9349736379613357
reliance_foundation,RF_100,0.9291109684360306,0.9778496184373069,0.45,0.9331770222743259
reliance_foundation,XGB_100_d3,0.9468351203747689,0.9795394688072971,0.6,0.9508982035928144
reliance_foundation,XGB_100_d5,0.9505722312640443,0.9812879156090908,0.4,0.9514792899408284
reliance_foundation,XGB_200_d5,0.9530679450960251,0.981080999201305,0.55,0.9534606205250596
cummins,LR_C0.1_bal,0.8752162915066112,0.9476200189019288,0.5,0.875140607424072
cummins,LR_C1_bal,0.8815758499040081,0.950464474482037,0.5,0.8815752461322082
cummins,LR_C10,0.8825748656867844,0.951709893865327,0.4,0.8841153193894856
cummins,RF_100_d8_bal,0.9194448956464385,0.9666230584093283,0.55,0.9215175209962352
cummins,RF_200_bal,0.9242753049293038,0.9677588200802731,0.55,0.9271561771561772
cummins,RF_100,0.9198829551367569,0.9652217936595653,0.45,0.9207721117833477
cummins,XGB_100_d3,0.943826902217421,0.971193319623193,0.55,0.943906020558003
cummins,XGB_100_d5,0.9473275270905057,0.9734224063987789,0.45,0.9482657260435038
cummins,XGB_200_d5,0.9479157817365881,0.9729559469503115,0.5,0.9478645066273932
foundation_for_excellence,LR_C0.1_bal,0.48289058186662503,0.970840583388042,0.7,0.5850622406639004
foundation_for_excellence,LR_C1_bal,0.4875532387265971,0.9656676670546848,0.7,0.5667351129363449
foundation_for_excellence,LR_C10,0.6975227573983032,0.9754036584042707,0.45,0.740484429065744
foundation_for_excellence,RF_100_d8_bal,0.9088903503661412,0.9823040416411514,0.55,0.9120521172638436
foundation_for_excellence,RF_200_bal,0.9084681541652564,0.9815118869635097,0.35,0.9137380191693291
foundation_for_excellence,RF_100,0.8755053556087109,0.9780988903784372,0.4,0.8963210702341137
foundation_for_excellence,XGB_100_d3,0.9377874977218881,0.9770970449935543,0.35,0.9385113268608414
foundation_for_excellence,XGB_100_d5,0.9443574828133263,0.9773007361311097,0.3,0.9442622950819672
foundation_for_excellence,XGB_200_d5,0.9443574828133263,0.977824992782127,0.65,0.9473684210526315
ieee_wie,LR_C0.1_bal,0.573505059398742,0.9760695187165774,0.7,0.6398390342052314
ieee_wie,LR_C1_bal,0.5787848932676518,0.9754155736050851,0.7,0.6529774127310062
ieee_wie,LR_C10,0.6795046568883267,0.9805815508021389,0.3,0.7300771208226221
ieee_wie,RF_100_d8_bal,0.836915969758075,0.9846034919113442,0.65,0.9074626865671642
ieee_wie,RF_200_bal,0.916129396701062,0.984385825513739,0.55,0.9176470588235294
ieee_wie,RF_100,0.842036726471639,0.9828522811354388,0.35,0.9154518950437318
ieee_wie,XGB_100_d3,0.9447545974911705,0.9841187611408199,0.65,0.9501466275659824
ieee_wie,XGB_100_d5,0.949771711410067,0.9842048397403558,0.4,0.9504373177842566
ieee_wie,XGB_200_d5,0.9530945108756136,0.984586150068947,0.45,0.9532163742690059
siemens,LR_C0.1_bal,0.31022491201843927,0.9538283646903342,0.7,0.4046242774566474
siemens,LR_C1_bal,0.3008326839905787,0.9464946281880838,0.7,0.36363636363636365
siemens,LR_C10,0.6154360522680878,0.9622704646343445,0.35,0.6309523809523809
siemens,RF_100_d8_bal,0.8474185463659147,0.9721579437953345,0.6,0.8654970760233918
siemens,RF_200_bal,0.8619332493785361,0.9736657247067619,0.6,0.8690476190476191
siemens,RF_100,0.33351560719981777,0.9736576776881438,0.3,0.8395061728395061
siemens,XGB_100_d3,0.8689123806770865,0.9656766724998882,0.4,0.8809523809523809
siemens,XGB_100_d5,0.8506116106116106,0.9636718699080372,0.65,0.875
siemens,XGB_200_d5,0.8602982202982202,0.9633966703129209,0.65,0.875
sitaram_jindal,LR_C0.1_bal,0.9005960388774689,0.945419599054701,0.5,0.9005681818181818
sitaram_jindal,LR_C1_bal,0.9107887032921731,0.9513659627172416,0.5,0.9107692307692308
sitaram_jindal,LR_C10,0.9110340129421608,0.9526593253299929,0.45,0.9130023640661938
sitaram_jindal,RF_100_d8_bal,0.942011777638157,0.9736638176891039,0.6,0.9443907156673114
sitaram_jindal,RF_200_bal,0.9469060573528086,0.9748252574711419,0.6,0.9480330257406508
sitaram_jindal,RF_100,0.9431529636296319,0.9729117165623746,0.55,0.9457700650759219
sitaram_jindal,XGB_100_d3,0.9632535370024369,0.9757917508397383,0.6,0.9636851084572264
sitaram_jindal,XGB_100_d5,0.9618113702409469,0.9757720673771857,0.65,0.9633967789165446
sitaram_jindal,XGB_200_d5,0.9613651499814674,0.9760590206375561,0.6,0.9632155907429963
hdfc_ecss,LR_C0.1_bal,0.8537120429446817,0.9581494706323443,0.55,0.8571428571428571
hdfc_ecss,LR_C1_bal,0.8588933309653951,0.9598042746384984,0.55,0.8697956093868282
hdfc_ecss,LR_C10,0.858729517396184,0.9647774980338095,0.4,0.8735543562066307
hdfc_ecss,RF_100_d8_bal,0.9463958493937239,0.9845185440785278,0.7,0.9534510433386838
hdfc_ecss,RF_200_bal,0.9514369332386421,0.9843285932780657,0.65,0.9575660528422738
hdfc_ecss,RF_100,0.9503400223660702,0.9836092653373909,0.6,0.9540551338393928
hdfc_ecss,XGB_100_d3,0.974777298319583,0.9851702645685828,0.6,0.9751602564102564
hdfc_ecss,XGB_100_d5,0.9743492235323528,0.9871178329090151,0.4,0.9751602564102564
hdfc_ecss,XGB_200_d5,0.9747448445501986,0.9873575474373346,0.4,0.9747697236684021
swami_dayanand,LR_C0.1_bal,0.5578237105726276,0.9869392430383472,0.7,0.6242774566473989
swami_dayanand,LR_C1_bal,0.6272092257650067,0.9848609876707514,0.7,0.695364238410596
swami_dayanand,LR_C10,0.7459927267408617,0.9866761838151726,0.3,0.766798418972332
swami_dayanand,RF_100_d8_bal,0.9129959654537114,0.9952722307780008,0.6,0.9205020920502092
swami_dayanand,RF_200_bal,0.9197234223939346,0.9924523859414025,0.5,0.9205020920502092
swami_dayanand,RF_100,0.8639610389610389,0.9962478977777354,0.3,0.8844621513944223
swami_dayanand,XGB_100_d3,0.9461836328734392,0.9938652545089504,0.4,0.946058091286307
swami_dayanand,XGB_100_d5,0.9461836328734392,0.994698897745919,0.35,0.9456066945606695
swami_dayanand,XGB_200_d5,0.9461836328734392,0.9946383790325178,0.55,0.9495798319327731
yashad_sumedha,LR_C0.1_bal,0.5208550547817643,0.960448932009627,0.7,0.624813153961136
yashad_sumedha,LR_C1_bal,0.5473177545246057,0.9621999271035822,0.7,0.6347305389221557
yashad_sumedha,LR_C10,0.6742414516216223,0.9658068360640562,0.3,0.724907063197026
yashad_sumedha,RF_100_d8_bal,0.8398771782395006,0.9843856451911506,0.65,0.8676171079429735
yashad_sumedha,RF_200_bal,0.8675453001819934,0.9861869937748773,0.55,0.8762677484787018
yashad_sumedha,RF_100,0.8273332599917694,0.9798967185041192,0.3,0.8605577689243028
yashad_sumedha,XGB_100_d3,0.9322438810575777,0.9833548435619737,0.3,0.9362549800796812
yashad_sumedha,XGB_100_d5,0.9288831111663916,0.9862259731093215,0.3,0.9498997995991983
yashad_sumedha,XGB_200_d5,0.9311638129207773,0.9858846095991854,0.35,0.9368635437881874
nice_nse,LR_C0.1_bal,0.8642801274312397,0.9074380058141106,0.4,0.8761145892619996
nice_nse,LR_C1_bal,0.8723533820765679,0.9135176756271095,0.4,0.8804119778752623
nice_nse,LR_C10,0.8847369968427611,0.915656387989136,0.45,0.8853949611668877
nice_nse,RF_100_d8_bal,0.9160106553401441,0.9516422733084523,0.45,0.9163300634737449
nice_nse,RF_200_bal,0.9185415660552376,0.9527342756625599,0.5,0.9185617103984451
nice_nse,RF_100,0.9162382551022669,0.9510162804099869,0.5,0.9162656400384985
nice_nse,XGB_100_d3,0.9266285372532337,0.9566328749101597,0.55,0.9271263013160479
nice_nse,XGB_100_d5,0.9245392353854592,0.9568464401836347,0.35,0.9249087766468216
nice_nse,XGB_200_d5,0.9249054113261981,0.9576136160008032,0.4,0.9262548262548262
opjems,LR_C0.1_bal,0.6387942053148664,0.966575768528412,0.7,0.7727708533077661
opjems,LR_C1_bal,0.6619391381423956,0.9664559742640684,0.7,0.7696682464454976
opjems,LR_C10,0.7939018534805099,0.9687730571913937,0.35,0.8175965665236051
opjems,RF_100_d8_bal,0.7131008850207305,0.9809976597247212,0.7,0.9157175398633257
opjems,RF_200_bal,0.8166445911548268,0.9830179305590203,0.65,0.9298043728423475
opjems,RF_100,0.8354248518984904,0.9797479240359431,0.4,0.9176470588235294
opjems,XGB_100_d3,0.9454018219351685,0.98016993383596,0.45,0.9464082098061574
opjems,XGB_100_d5,0.9490327218071186,0.9825414278086926,0.35,0.952054794520548
opjems,XGB_200_d5,0.9467179912717439,0.9821858152179244,0.4,0.9518348623853211
magma_scholarship,LR_C0.1_bal,0.52015444015444,0.9859989009647088,0.7,0.6123778501628665
magma_scholarship,LR_C1_bal,0.5607555555426396,0.9852539992673097,0.7,0.6397306397306397
magma_scholarship,LR_C10,0.6664357083642394,0.9889589693491269,0.3,0.7488584474885844
magma_scholarship,RF_100_d8_bal,0.8904421160235113,0.986576505067774,0.35,0.9056603773584906
magma_scholarship,RF_200_bal,0.8904421160235113,0.9873821589937719,0.3,0.9090909090909091
magma_scholarship,RF_100,0.871959146952307,0.9914293564537795,0.3,0.8780487804878049
magma_scholarship,XGB_100_d3,0.9135244021353225,0.9894028574917572,0.3,0.9207920792079208
magma_scholarship,XGB_100_d5,0.9181701628786442,0.9897356209549397,0.45,0.9253731343283582
magma_scholarship,XGB_200_d5,0.9228043092201077,0.9898754426669922,0.5,0.9246231155778895
jspn,LR_C0.1_bal,0.7978200197199203,0.9402691846609359,0.55,0.8046527540198426
jspn,LR_C1_bal,0.8065226706578775,0.9450652273296051,0.6,0.8241601143674053
jspn,LR_C10,0.843625616916731,0.951298195053595,0.45,0.8440163023341979
jspn,RF_100_d8_bal,0.9373709307734215,0.9755697135350869,0.6,0.9408662900188324
jspn,RF_200_bal,0.9425538133240492,0.9765131887374123,0.65,0.9454406714994277
jspn,RF_100,0.9400265396691865,0.9765994667312325,0.55,0.9411764705882353
jspn,XGB_100_d3,0.9669642171445562,0.9766258552933855,0.5,0.9669485011529593
jspn,XGB_100_d5,0.9676806980763221,0.9777766901944336,0.5,0.9676674364896074
jspn,XGB_200_d5,0.9669115879432078,0.9772821791508987,0.6,0.9672447013487476
padala_charitable_trust,LR_C0.1_bal,0.721964216482643,0.9398835833040937,0.6,0.7543520309477756
padala_charitable_trust,LR_C1_bal,0.7413646804830369,0.9420796456380544,0.6,0.7645914396887159
padala_charitable_trust,LR_C10,0.7722347315070721,0.9508696074300765,0.35,0.7896341463414634
padala_charitable_trust,RF_100_d8_bal,0.9309518074259004,0.9824234226057019,0.7,0.947136563876652
padala_charitable_trust,RF_200_bal,0.9370138452826378,0.9829997552449605,0.7,0.9530726256983241
padala_charitable_trust,RF_100,0.9374566893130085,0.9820053250026304,0.6,0.9450915141430949
padala_charitable_trust,XGB_100_d3,0.9711665551025741,0.9809534823178032,0.5,0.9710789766407119
padala_charitable_trust,XGB_100_d5,0.9700110669327622,0.9817818979714683,0.5,0.9699331848552338
padala_charitable_trust,XGB_200_d5,0.9694900698521423,0.9810950214025187,0.4,0.9693934335002783
rajarshi_shahu,LR_C0.1_bal,0.6513944259126093,0.9778076701809753,0.7,0.7425373134328358
rajarshi_shahu,LR_C1_bal,0.6787331564986737,0.9766961092510048,0.7,0.7533460803059273
rajarshi_shahu,LR_C10,0.8870438333074222,0.9792201688057066,0.4,0.9090909090909091
rajarshi_shahu,RF_100_d8_bal,0.9234492797650692,0.9777448977618948,0.5,0.9212962962962963
rajarshi_shahu,RF_200_bal,0.9200169657183419,0.9775522163081565,0.6,0.9238095238095239
rajarshi_shahu,RF_100,0.76531184745943,0.9803791617862307,0.3,0.9129411764705883
rajarshi_shahu,XGB_100_d3,0.9353561692126577,0.9824509844588241,0.4,0.9345794392523364
rajarshi_shahu,XGB_100_d5,0.9338721587358473,0.9829517241773889,0.3,0.9370629370629371
rajarshi_shahu,XGB_200_d5,0.9314013282622714,0.9839006415574361,0.3,0.9392523364485982
adobe_wit,LR_C0.1_bal,0.6374439036978969,0.982109844039662,0.7,0.7479674796747967
adobe_wit,LR_C1_bal,0.6639168270064622,0.9826121018079153,0.7,0.7363344051446945
adobe_wit,LR_C10,0.7781220864347582,0.9841497015153834,0.4,0.7992202729044834
adobe_wit,RF_100_d8_bal,0.8531896268695032,0.9853249315441264,0.65,0.8685258964143426
adobe_wit,RF_200_bal,0.8735615128815478,0.9863001088490909,0.6,0.8804780876494024
adobe_wit,RF_100,0.7703208706068253,0.9856139556439955,0.3,0.8275862068965517
adobe_wit,XGB_100_d3,0.8741219050649759,0.9883841331190368,0.4,0.8862275449101796
adobe_wit,XGB_100_d5,0.8636696708705773,0.9898168699083287,0.3,0.8764940239043825
adobe_wit,XGB_200_d5,0.8654573546115818,0.989062473425515,0.3,0.88
glow_lovely,LR_C0.1_bal,0.8916177987525649,0.9647766817762733,0.65,0.9026420557365182
glow_lovely,LR_C1_bal,0.8995174433228523,0.9656064847824304,0.65,0.9127906976744186
glow_lovely,LR_C10,0.911590818517559,0.9660042757131018,0.5,0.9115696389093588
glow_lovely,RF_100_d8_bal,0.9445244211748698,0.9786321684085856,0.6,0.9465081723625557
glow_lovely,RF_200_bal,0.9466218179572088,0.9792345000457443,0.45,0.9478357380688124
glow_lovely,RF_100,0.9455299471091415,0.9800317031519524,0.55,0.94611668524712
glow_lovely,XGB_100_d3,0.9599671960188989,0.9800302688904667,0.7,0.9619585687382297
glow_lovely,XGB_100_d5,0.9616564711420619,0.9791379150106229,0.6,0.963410033949453
glow_lovely,XGB_200_d5,0.9601524586994762,0.9789756619524272,0.6,0.9629909365558912
loreal_women_science,LR_C0.1_bal,0.4341427086880965,0.9931808784227723,0.7,0.5306122448979592
loreal_women_science,LR_C1_bal,0.6021240158309124,0.9934232422806794,0.7,0.6490066225165563
loreal_women_science,LR_C10,0.7412769838856794,0.9897429559061056,0.65,0.7663551401869159
loreal_women_science,RF_100_d8_bal,0.925563909774436,0.9893523100676986,0.45,0.9285714285714286
loreal_women_science,RF_200_bal,0.925563909774436,0.9896483501630182,0.45,0.9369369369369369
loreal_women_science,RF_100,0.8159255089595646,0.9876769356337036,0.35,0.9074074074074074
loreal_women_science,XGB_100_d3,0.8958412698412698,0.9942982499287183,0.3,0.9203539823008849
loreal_women_science,XGB_100_d5,0.8958412698412698,0.9943071256529825,0.3,0.9203539823008849
loreal_women_science,XGB_200_d5,0.8958412698412698,0.993882186607354,0.3,0.9203539823008849
ugam_legrand,LR_C0.1_bal,0.5544293983721691,0.9779828748798642,0.7,0.6875981161695447
ugam_legrand,LR_C1_bal,0.5841510499857271,0.9769832794740128,0.7,0.6677018633540373
ugam_legrand,LR_C10,0.804633098640329,0.9812180842661837,0.45,0.8109243697478992
ugam_legrand,RF_100_d8_bal,0.9278012542300631,0.9789049177271764,0.5,0.9278350515463918
ugam_legrand,RF_200_bal,0.9314087762429313,0.9783516200162561,0.45,0.931958762886598
ugam_legrand,RF_100,0.8814458844534995,0.9811735287524854,0.35,0.908315565031983
ugam_legrand,XGB_100_d3,0.9447721899849559,0.9832567969067222,0.65,0.9480249480249481
ugam_legrand,XGB_100_d5,0.9566518272147639,0.985340980114367,0.65,0.957983193277311
ugam_legrand,XGB_200_d5,0.9566518272147639,0.9844385753978038,0.55,0.9585062240663901
indous_stemm,LR_C0.1_bal,0.43763755338200855,0.9699902947519771,0.7,0.5900783289817232
indous_stemm,LR_C1_bal,0.45606971223438136,0.9674892163910854,0.7,0.5410628019323671
indous_stemm,LR_C10,0.7284832534981868,0.9755337886412653,0.35,0.7633587786259542
indous_stemm,RF_100_d8_bal,0.7986045981433589,0.9831908698777857,0.65,0.8676470588235294
indous_stemm,RF_200_bal,0.8688951509706226,0.9827609633357296,0.6,0.8846153846153846
indous_stemm,RF_100,0.4393614718614719,0.9855174335010783,0.3,0.8702290076335878
indous_stemm,XGB_100_d3,0.9416979638815695,0.987941768511862,0.35,0.9433962264150944
indous_stemm,XGB_100_d5,0.935851567567088,0.9917278936017254,0.45,0.9411764705882353
indous_stemm,XGB_200_d5,0.935851567567088,0.9912879223580159,0.45,0.9416342412451362
aicte_pragati,LR_C0.1_bal,0.7352150558041279,0.9635111134174311,0.7,0.8109412711182623
aicte_pragati,LR_C1_bal,0.7483342772043026,0.9631055966969873,0.7,0.8124006359300477
aicte_pragati,LR_C10,0.8343576329759539,0.965555945224469,0.4,0.8497854077253219
aicte_pragati,RF_100_d8_bal,0.9052086956590324,0.9777163694406893,0.7,0.921875
aicte_pragati,RF_200_bal,0.9243211467184608,0.9785105576659617,0.6,0.9334485738980121
aicte_pragati,RF_100,0.9138703020394792,0.9777103817950679,0.4,0.9208261617900172
aicte_pragati,XGB_100_d3,0.9442437046707057,0.9803917232006254,0.4,0.9461805555555556
aicte_pragati,XGB_100_d5,0.946975323060381,0.9822243360622089,0.4,0.9491228070175438
aicte_pragati,XGB_200_d5,0.9479771232677132,0.9838879847044726,0.45,0.9498680738786279
aicte_saksham,LR_C0.1_bal,0.5101203315872643,0.9734294520467216,0.7,0.5922077922077922
aicte_saksham,LR_C1_bal,0.600835448818686,0.9742939674094865,0.7,0.6726726726726727
aicte_saksham,LR_C10,0.8106456294245378,0.9792792955132512,0.35,0.8188976377952756
aicte_saksham,RF_100_d8_bal,0.6793801981553333,0.9859422188404101,0.7,0.813953488372093
aicte_saksham,RF_200_bal,0.7852776655542334,0.9813406312020664,0.65,0.84
aicte_saksham,RF_100,0.7324529170468651,0.9795350053809798,0.4,0.8085106382978723
aicte_saksham,XGB_100_d3,0.9081796690307329,0.9795301491261232,0.5,0.9082969432314411
aicte_saksham,XGB_100_d5,0.9008225108225109,0.9782322654332573,0.35,0.9264069264069265
aicte_saksham,XGB_200_d5,0.901024531024531,0.9816282042215532,0.35,0.9310344827586207
rmd_foundation,LR_C0.1_bal,0.8709064322276486,0.9455084925351436,0.55,0.8728058331082906
rmd_foundation,LR_C1_bal,0.8844508546296644,0.9502200645706702,0.55,0.8853434288804759
rmd_foundation,LR_C10,0.8914935361387546,0.952015271117616,0.45,0.8933297326492033
rmd_foundation,RF_100_d8_bal,0.9443667641574326,0.9715533072370063,0.45,0.945474372955289
rmd_foundation,RF_200_bal,0.9462635328814253,0.9736399263530735,0.4,0.9471677559912854
rmd_foundation,RF_100,0.944775827406192,0.9720486578357729,0.4,0.9466230936819172
rmd_foundation,XGB_100_d3,0.9615291827510631,0.9741047515001565,0.6,0.9639089394780678
rmd_foundation,XGB_100_d5,0.9625945220194847,0.9726747827366692,0.6,0.9629835791817423
rmd_foundation,XGB_200_d5,0.9617239138301941,0.9714094614774564,0.6,0.9627156371730662
disha_parivar,LR_C0.1_bal,0.8347385034683648,0.9659040855891273,0.7,0.8627038400841662
disha_parivar,LR_C1_bal,0.8360735866330637,0.9663486248174568,0.7,0.8692468619246861
disha_parivar,LR_C10,0.8824310600291625,0.9683063556405989,0.5,0.8824809575625681
disha_parivar,RF_100_d8_bal,0.9359527177046358,0.9795444014250702,0.4,0.9370629370629371
disha_parivar,RF_200_bal,0.9378899208662517,0.9796033126934194,0.4,0.9388858842617631
disha_parivar,RF_100,0.9358576716392232,0.9796375504248409,0.3,0.9407327586206896
disha_parivar,XGB_100_d3,0.955541643895559,0.9764330072496736,0.55,0.9575757575757575
disha_parivar,XGB_100_d5,0.9635605277413337,0.9769811101786908,0.6,0.9651741293532339
disha_parivar,XGB_200_d5,0.9625104907305815,0.9770892372952001,0.6,0.9657079646017699
iocl_merit,LR_C0.1_bal,0.7383049553676886,0.9669903141071197,0.7,0.7894371091035441
iocl_merit,LR_C1_bal,0.7623428863948636,0.9702922520056536,0.7,0.8168210976478973
iocl_merit,LR_C10,0.8589617691724987,0.9744298152500088,0.45,0.8648221343873518
iocl_merit,RF_100_d8_bal,0.9364788731880257,0.981943594981858,0.6,0.9389067524115756
iocl_merit,RF_200_bal,0.9407577998608307,0.9799085899237143,0.45,0.9424920127795527
iocl_merit,RF_100,0.9360281338388328,0.9814284738454202,0.35,0.9380952380952381
iocl_merit,XGB_100_d3,0.9601980484818622,0.9800889306113303,0.55,0.9617575264442636
iocl_merit,XGB_100_d5,0.9572970380456882,0.9797137271573584,0.4,0.9592169657422512
iocl_merit,XGB_200_d5,0.9581905600114364,0.979867798159612,0.4,0.9584352078239609
